mysql> delimiter //
mysql> create procedure question()
    -> begin
    -> declare flag int default 0;
    -> declare name varchar(15);
    -> declare j varchar(15);
    -> declare s decimal(7,2);
    -> declare newsal decimal(7,2);
    -> declare cur cursor for
    -> select ename,job,sal from emp;
    -> declare continue handler for not found
    -> set flag=1;
    -> open cur;
    -> print:loop
    -> fetch cur into name,j,s;
    -> if(j='clerk')
    -> then
    -> set newsal=s+(s*0.1);
    -> end if;
    -> if(j='manager')
    -> then
    -> set newsal=s+(s*0.05);
    -> end if;
    -> if(j='analyst')
    -> then
    -> set newsal=s+(s*0.07);
    -> end if;
    -> if j not in ('clerk','manager','analyst')
    -> then
    -> set newsal=s;
    -> end if;
    -> if flag=1
    -> then
    -> leave print;
    -> end if;
    -> select name,j,s,newsal;
    -> end loop print;
    -> close cur;
    -> end //
Query OK, 0 rows affected (0.05 sec)

mysql> delimiter ;
mysql>
mysql>
mysql> call question;
+-------+----------+---------+---------+
| name  | j        | s       | newsal  |
+-------+----------+---------+---------+
| ALLEN | SALESMAN | 1600.00 | 1600.00 |
+-------+----------+---------+---------+
1 row in set (0.03 sec)

+------+----------+---------+---------+
| name | j        | s       | newsal  |
+------+----------+---------+---------+
| WARD | SALESMAN | 1250.00 | 1250.00 |
+------+----------+---------+---------+
1 row in set (0.04 sec)

+-------+---------+---------+---------+
| name  | j       | s       | newsal  |
+-------+---------+---------+---------+
| JONES | MANAGER | 2975.00 | 3123.75 |
+-------+---------+---------+---------+
1 row in set (0.04 sec)

+--------+----------+---------+---------+
| name   | j        | s       | newsal  |
+--------+----------+---------+---------+
| MARTIN | SALESMAN | 1250.00 | 1250.00 |
+--------+----------+---------+---------+
1 row in set (0.04 sec)

+-------+---------+---------+---------+
| name  | j       | s       | newsal  |
+-------+---------+---------+---------+
| BLAKE | MANAGER | 2850.00 | 2992.50 |
+-------+---------+---------+---------+
1 row in set (0.04 sec)

+-------+---------+---------+---------+
| name  | j       | s       | newsal  |
+-------+---------+---------+---------+
| CLARK | MANAGER | 2450.00 | 2572.50 |
+-------+---------+---------+---------+
1 row in set (0.04 sec)

+-------+---------+---------+---------+
| name  | j       | s       | newsal  |
+-------+---------+---------+---------+
| SCOTT | ANALYST | 3000.00 | 3210.00 |
+-------+---------+---------+---------+
1 row in set (0.04 sec)

+------+-----------+---------+---------+
| name | j         | s       | newsal  |
+------+-----------+---------+---------+
| KING | PRESIDENT | 5000.00 | 5000.00 |
+------+-----------+---------+---------+
1 row in set (0.05 sec)

+--------+----------+---------+---------+
| name   | j        | s       | newsal  |
+--------+----------+---------+---------+
| TURNER | SALESMAN | 1500.00 | 1500.00 |
+--------+----------+---------+---------+
1 row in set (0.05 sec)

+-------+-------+---------+---------+
| name  | j     | s       | newsal  |
+-------+-------+---------+---------+
| ADAMS | CLERK | 1100.00 | 1210.00 |
+-------+-------+---------+---------+
1 row in set (0.05 sec)

+-------+-------+--------+---------+
| name  | j     | s      | newsal  |
+-------+-------+--------+---------+
| JAMES | CLERK | 950.00 | 1045.00 |
+-------+-------+--------+---------+
1 row in set (0.05 sec)

+------+---------+---------+---------+
| name | j       | s       | newsal  |
+------+---------+---------+---------+
| FORD | ANALYST | 3000.00 | 3210.00 |
+------+---------+---------+---------+
1 row in set (0.05 sec)

+--------+-------+---------+---------+
| name   | j     | s       | newsal  |
+--------+-------+---------+---------+
| MILLER | CLERK | 1300.00 | 1430.00 |
+--------+-------+---------+---------+
1 row in set (0.05 sec)

+-------+------+----------+---------+
| name  | j    | s        | newsal  |
+-------+------+----------+---------+
| geeta | NULL | 10000.00 | 1430.00 |
+-------+------+----------+---------+
1 row in set (0.05 sec)

+------+---------+------+--------+
| name | j       | s    | newsal |
+------+---------+------+--------+
| Raj  | Analyst | NULL |   NULL |
+------+---------+------+--------+
1 row in set (0.06 sec)

Query OK, 0 rows affected (0.06 sec)